Oxidative phosphorylation	Metabolic pathways	29287
Complement and coagulation cascades	Pertussis	19687
MAPK signaling pathway	Pertussis	17881
Oxidative phosphorylation	Non-alcoholic fatty liver disease (NAFLD)	17385
cAMP signaling pathway	Pathways in cancer	12919
PI3K-Akt signaling pathway	Pathways in cancer	11771
MAPK signaling pathway	Pathways in cancer	10081
Oxidative phosphorylation	Thermogenesis	9558
PI3K-Akt signaling pathway	Non-alcoholic fatty liver disease (NAFLD)	8989
MAPK signaling pathway	Thermogenesis	8594
Apoptosis	Non-alcoholic fatty liver disease (NAFLD)	7709
cAMP signaling pathway	Bile secretion	6319
Complement and coagulation cascades	Staphylococcus aureus infection	5662
Calcium signaling pathway	Pathways in cancer	5245
Toll-like receptor signaling pathway	Pertussis	5141
cAMP signaling pathway	Pancreatic secretion	4763
Fat digestion and absorption	Vitamin digestion and absorption	4618
Cytokine-cytokine receptor interaction	Pathways in cancer	4568
Bile secretion	Cholesterol metabolism	4365
Calcium signaling pathway	Alzheimer disease	4355
Oxidative phosphorylation	Alzheimer disease	4304
Glutathione metabolism	Metabolic pathways	4176
Pancreatic secretion	Fat digestion and absorption	4120
MAPK signaling pathway	IL-17 signaling pathway	3938
Focal adhesion	ECM-receptor interaction	3633
MAPK signaling pathway	PI3K-Akt signaling pathway	3621
Calcium signaling pathway	Thyroid hormone synthesis	3561
Toll-like receptor signaling pathway	Malaria	3547
PI3K-Akt signaling pathway	Prostate cancer	3511
Oxidative phosphorylation	Huntington disease	3322
Glycerolipid metabolism	Metabolic pathways	3272
Glutathione metabolism	Ferroptosis	3154
Glycerolipid metabolism	Fat digestion and absorption	3085
PI3K-Akt signaling pathway	Toll-like receptor signaling pathway	3074
Porphyrin and chlorophyll metabolism	Metabolic pathways	2960
Renin-angiotensin system	Renin secretion	2954
PI3K-Akt signaling pathway	Focal adhesion	2916
Toll-like receptor signaling pathway	African trypanosomiasis	2884
Hematopoietic cell lineage	Acute myeloid leukemia	2879
Tryptophan metabolism	Metabolic pathways	2774
Arginine biosynthesis	Metabolic pathways	2689
Wnt signaling pathway	Pathways in cancer	2666
PI3K-Akt signaling pathway	AMPK signaling pathway	2655
PI3K-Akt signaling pathway	Acute myeloid leukemia	2641
cAMP signaling pathway	Renin secretion	2614
PI3K-Akt signaling pathway	Human papillomavirus infection	2407
PI3K-Akt signaling pathway	Chemokine signaling pathway	2374
Adipocytokine signaling pathway	AMPK signaling pathway	2360
Antigen processing and presentation	Epstein-Barr virus infection	2197
Autophagy - animal	Prion diseases	2172
Spliceosome	Herpes simplex virus 1 infection	2131
MAPK signaling pathway	Fc epsilon RI signaling pathway	2064
Cytokine-cytokine receptor interaction	Asthma	2061
Antigen processing and presentation	Asthma	2055
MAPK signaling pathway	Leishmaniasis	2053
Arachidonic acid metabolism	Metabolic pathways	2003
RNA polymerase	Huntington disease	1982
PPAR signaling pathway	Adipocytokine signaling pathway	1976
Fat digestion and absorption	Cholesterol metabolism	1943
Drug metabolism - other enzymes	Metabolic pathways	1922
mTOR signaling pathway	Autophagy - animal	1890
Fatty acid degradation	Metabolic pathways	1856
Phagosome	Leishmaniasis	1835
MAPK signaling pathway	Th17 cell differentiation	1737
PI3K-Akt signaling pathway	Insulin signaling pathway	1720
Focal adhesion	Pathways in cancer	1714
Metabolism of xenobiotics by cytochrome P450	Metabolic pathways	1694
Cell adhesion molecules (CAMs)	Systemic lupus erythematosus	1691
Apoptosis	Epstein-Barr virus infection	1662
Apoptosis	Pathways in cancer	1655
Steroid hormone biosynthesis	Metabolic pathways	1638
Regulation of actin cytoskeleton	Leukocyte transendothelial migration	1637
p53 signaling pathway	Pathways in cancer	1637
Complement and coagulation cascades	Systemic lupus erythematosus	1636
Calcium signaling pathway	Renin secretion	1623
Rap1 signaling pathway	Platelet activation	1618
PI3K-Akt signaling pathway	AGE-RAGE signaling pathway in diabetic complications	1615
Transcriptional misregulation in cancer	Prostate cancer	1559
EGFR tyrosine kinase inhibitor resistance	PI3K-Akt signaling pathway	1530
Focal adhesion	Amoebiasis	1527
Leukocyte transendothelial migration	Cell adhesion molecules (CAMs)	1511
Apoptosis	Toll-like receptor signaling pathway	1503
Glycine, serine and threonine metabolism	Metabolic pathways	1502
Arginine and proline metabolism	Metabolic pathways	1460
Nitrogen metabolism	Metabolic pathways	1454
Apoptosis	Prion diseases	1430
JAK-STAT signaling pathway	Herpes simplex virus 1 infection	1429
Regulation of actin cytoskeleton	Focal adhesion	1425
Antigen processing and presentation	Human T-cell leukemia virus 1 infection	1421
Pancreatic secretion	Protein digestion and absorption	1418
Calcium signaling pathway	Salivary secretion	1411
Lysine degradation	Metabolic pathways	1376
Proteasome	Epstein-Barr virus infection	1353
Cell adhesion molecules (CAMs)	Asthma	1347
PI3K-Akt signaling pathway	Hepatitis B	1322
Pyrimidine metabolism	Metabolic pathways	1301
Toll-like receptor signaling pathway	Herpes simplex virus 1 infection	1294
MAPK signaling pathway	Influenza A	1281
Complement and coagulation cascades	Prion diseases	1277
Calcium signaling pathway	Pancreatic secretion	1267
RIG-I-like receptor signaling pathway	Hepatitis B	1231
MAPK signaling pathway	Thyroid cancer	1222
TGF-beta signaling pathway	Pathways in cancer	1217
Cell adhesion molecules (CAMs)	Hepatitis C	1198
MAPK signaling pathway	Focal adhesion	1195
Toll-like receptor signaling pathway	Epstein-Barr virus infection	1173
PI3K-Akt signaling pathway	Rap1 signaling pathway	1169
mRNA surveillance pathway	Influenza A	1154
PI3K-Akt signaling pathway	JAK-STAT signaling pathway	1120
mRNA surveillance pathway	RNA degradation	1116
Fatty acid degradation	PPAR signaling pathway	1112
Notch signaling pathway	Human papillomavirus infection	1095
JAK-STAT signaling pathway	Pathways in cancer	1082
Cytokine-cytokine receptor interaction	Chemokine signaling pathway	1080
Cytokine-cytokine receptor interaction	Toll-like receptor signaling pathway	1080
Antigen processing and presentation	Systemic lupus erythematosus	1067
PI3K-Akt signaling pathway	Human cytomegalovirus infection	1054
Toll-like receptor signaling pathway	Human papillomavirus infection	1053
Th17 cell differentiation	Rheumatoid arthritis	1043
Type II diabetes mellitus	Maturity onset diabetes of the young	1034
MAPK signaling pathway	Rap1 signaling pathway	1020
Cytokine-cytokine receptor interaction	IL-17 signaling pathway	1011
PI3K-Akt signaling pathway	Proteoglycans in cancer	997
Prostate cancer	MicroRNAs in cancer	972
MAPK signaling pathway	Fluid shear stress and atherosclerosis	954
JAK-STAT signaling pathway	Cytokine-cytokine receptor interaction	952
Wnt signaling pathway	Cushing syndrome	941
Toll-like receptor signaling pathway	Chagas disease (American trypanosomiasis)	938
MAPK signaling pathway	Bladder cancer	938
C-type lectin receptor signaling pathway	Th17 cell differentiation	925
Apoptosis	Hepatitis C	925
Insulin signaling pathway	Type II diabetes mellitus	922
mTOR signaling pathway	Pathways in cancer	912
Neuroactive ligand-receptor interaction	Gap junction	908
Estrogen signaling pathway	Pathways in cancer	900
MAPK signaling pathway	Epstein-Barr virus infection	899
Protein digestion and absorption	Mineral absorption	896
MAPK signaling pathway	Salmonella infection	889
Glycosphingolipid biosynthesis - globo and isoglobo series	Metabolic pathways	884
PI3K-Akt signaling pathway	Human T-cell leukemia virus 1 infection	878
Apoptosis	Herpes simplex virus 1 infection	868
Regulation of actin cytoskeleton	Fc gamma R-mediated phagocytosis	862
Apoptosis	Platinum drug resistance	854
Oxidative phosphorylation	Retrograde endocannabinoid signaling	853
Focal adhesion	Human papillomavirus infection	850
MAPK signaling pathway	Acute myeloid leukemia	831
Wnt signaling pathway	Hippo signaling pathway	810
Toll-like receptor signaling pathway	Kaposi sarcoma-associated herpesvirus infection	809
Hepatitis C	Hepatitis B	802
MAPK signaling pathway	Toll-like receptor signaling pathway	794
Apoptosis	Influenza A	787
Toll-like receptor signaling pathway	NOD-like receptor signaling pathway	771
MAPK signaling pathway	Regulation of actin cytoskeleton	751
PI3K-Akt signaling pathway	Phospholipase D signaling pathway	750
PI3K-Akt signaling pathway	ErbB signaling pathway	748
Regulation of actin cytoskeleton	Rap1 signaling pathway	735
MAPK signaling pathway	Gap junction	730
MAPK signaling pathway	Epithelial cell signaling in Helicobacter pylori infection	727
cAMP signaling pathway	Rap1 signaling pathway	723
NF-kappa B signaling pathway	Toll-like receptor signaling pathway	702
Ether lipid metabolism	Metabolic pathways	701
Phagosome	Antigen processing and presentation	690
Propanoate metabolism	Metabolic pathways	689
Calcium signaling pathway	Dopaminergic synapse	689
Ovarian steroidogenesis	GnRH signaling pathway	686
Phenylalanine metabolism	Metabolic pathways	683
Cytosolic DNA-sensing pathway	Human cytomegalovirus infection	683
beta-Alanine metabolism	Metabolic pathways	682
Hippo signaling pathway	Hippo signaling pathway - multiple species	680
Calcium signaling pathway	Adrenergic signaling in cardiomyocytes	678
Butanoate metabolism	Metabolic pathways	676
Circadian rhythm	Herpes simplex virus 1 infection	675
PI3K-Akt signaling pathway	Longevity regulating pathway	674
Natural killer cell mediated cytotoxicity	Kaposi sarcoma-associated herpesvirus infection	667
MAPK signaling pathway	GnRH signaling pathway	665
MAPK signaling pathway	Osteoclast differentiation	663
cAMP signaling pathway	Aldosterone synthesis and secretion	663
Toll-like receptor signaling pathway	Salmonella infection	661
PI3K-Akt signaling pathway	Human immunodeficiency virus 1 infection	656
MAPK signaling pathway	Chemokine signaling pathway	655
cAMP signaling pathway	Parathyroid hormone synthesis, secretion and action	655
Toll-like receptor signaling pathway	Rheumatoid arthritis	652
cAMP signaling pathway	Thermogenesis	647
cAMP signaling pathway	Calcium signaling pathway	641
Oxidative phosphorylation	Parkinson disease	631
mTOR signaling pathway	Human papillomavirus infection	627
PI3K-Akt signaling pathway	Endocrine resistance	626
Calcium signaling pathway	Gastric acid secretion	626
Cardiac muscle contraction	Adrenergic signaling in cardiomyocytes	625
Glycosphingolipid biosynthesis - lacto and neolacto series	Metabolic pathways	624
Cortisol synthesis and secretion	Cushing syndrome	624
Inositol phosphate metabolism	Metabolic pathways	622
PI3K-Akt signaling pathway	Small cell lung cancer	622
Toll-like receptor signaling pathway	Hepatitis C	621
Glycerophospholipid metabolism	Choline metabolism in cancer	617
Basal transcription factors	Viral carcinogenesis	610
Adherens junction	Pathways in cancer	609
Toll-like receptor signaling pathway	Influenza A	605
Human papillomavirus infection	Viral carcinogenesis	602
Toll-like receptor signaling pathway	Hepatitis B	600
MAPK signaling pathway	Human T-cell leukemia virus 1 infection	590
Endocytosis	Phospholipase D signaling pathway	589
Folate biosynthesis	Metabolic pathways	586
PI3K-Akt signaling pathway	Insulin resistance	583
MAPK signaling pathway	AGE-RAGE signaling pathway in diabetic complications	577
Other types of O-glycan biosynthesis	Metabolic pathways	562
Nucleotide excision repair	Basal transcription factors	562
Metabolism of xenobiotics by cytochrome P450	Chemical carcinogenesis	562
Toll-like receptor signaling pathway	Leishmaniasis	561
Autophagy - animal	Kaposi sarcoma-associated herpesvirus infection	557
Calcium signaling pathway	Serotonergic synapse	553
Histidine metabolism	Metabolic pathways	550
MAPK signaling pathway	Ras signaling pathway	537
EGFR tyrosine kinase inhibitor resistance	MAPK signaling pathway	525
Regulation of actin cytoskeleton	Axon guidance	523
Glycerophospholipid metabolism	Metabolic pathways	519
PI3K-Akt signaling pathway	FoxO signaling pathway	519
Glutamatergic synapse	Retrograde endocannabinoid signaling	513
Calcium signaling pathway	Platelet activation	510
NOD-like receptor signaling pathway	Influenza A	509
PI3K-Akt signaling pathway	Thyroid hormone signaling pathway	504
TNF signaling pathway	Non-alcoholic fatty liver disease (NAFLD)	497
Drug metabolism - cytochrome P450	Metabolic pathways	496
MAPK signaling pathway	TNF signaling pathway	492
MAPK signaling pathway	T cell receptor signaling pathway	490
MAPK signaling pathway	Amyotrophic lateral sclerosis (ALS)	485
Endocytosis	Synaptic vesicle cycle	478
Notch signaling pathway	Pathways in cancer	478
Apoptosis	Protein processing in endoplasmic reticulum	473
Calcium signaling pathway	Apelin signaling pathway	473
T cell receptor signaling pathway	Primary immunodeficiency	473
MAPK signaling pathway	Proteoglycans in cancer	469
Apoptosis	NF-kappa B signaling pathway	466
RNA transport	Influenza A	465
Parathyroid hormone synthesis, secretion and action	Endocrine and other factor-regulated calcium reabsorption	462
MAPK signaling pathway	Autophagy - animal	460
MAPK signaling pathway	Axon guidance	456
Calcium signaling pathway	Retrograde endocannabinoid signaling	455
PI3K-Akt signaling pathway	Kaposi sarcoma-associated herpesvirus infection	455
Tight junction	Human papillomavirus infection	452
Lysosome	Phagosome	451
FoxO signaling pathway	Cellular senescence	446
MAPK signaling pathway	Tuberculosis	440
Citrate cycle (TCA cycle)	Metabolic pathways	439
NF-kappa B signaling pathway	Human immunodeficiency virus 1 infection	439
Antifolate resistance	NF-kappa B signaling pathway	426
Valine, leucine and isoleucine degradation	Metabolic pathways	424
Calcium signaling pathway	Cortisol synthesis and secretion	422
Calcium signaling pathway	Glutamatergic synapse	417
Oxidative phosphorylation	Vibrio cholerae infection	414
Regulation of actin cytoskeleton	Choline metabolism in cancer	401
Focal adhesion	Bacterial invasion of epithelial cells	396
Calcium signaling pathway	Gap junction	390
ECM-receptor interaction	Hypertrophic cardiomyopathy (HCM)	390
Toll-like receptor signaling pathway	Legionellosis	386
Toll-like receptor signaling pathway	Human immunodeficiency virus 1 infection	386
Cytokine-cytokine receptor interaction	Inflammatory bowel disease (IBD)	386
Apoptosis	Chagas disease (American trypanosomiasis)	383
JAK-STAT signaling pathway	Measles	378
Tyrosine metabolism	Metabolic pathways	376
Retinol metabolism	Metabolic pathways	374
PI3K-Akt signaling pathway	Sphingolipid signaling pathway	372
PI3K-Akt signaling pathway	Adrenergic signaling in cardiomyocytes	365
ECM-receptor interaction	Dilated cardiomyopathy (DCM)	361
MAPK signaling pathway	Oxytocin signaling pathway	354
MAPK signaling pathway	ErbB signaling pathway	343
PI3K-Akt signaling pathway	Choline metabolism in cancer	340
Autophagy - animal	Apelin signaling pathway	336
Dopaminergic synapse	Cocaine addiction	336
Apoptosis	Hepatitis B	333
Purine metabolism	Metabolic pathways	332
Regulation of actin cytoskeleton	Pathogenic Escherichia coli infection	330
Apoptosis	Fluid shear stress and atherosclerosis	328
cAMP signaling pathway	Regulation of lipolysis in adipocytes	325
NF-kappa B signaling pathway	Epstein-Barr virus infection	324
Toll-like receptor signaling pathway	Amoebiasis	323
MAPK signaling pathway	Human cytomegalovirus infection	320
Lysosome	Human immunodeficiency virus 1 infection	316
HIF-1 signaling pathway	Pathways in cancer	304
MAPK signaling pathway	VEGF signaling pathway	302
MAPK signaling pathway	Hepatitis B	302
Toll-like receptor signaling pathway	Tuberculosis	301
Calcium signaling pathway	Vascular smooth muscle contraction	300
PI3K-Akt signaling pathway	Apelin signaling pathway	300
NF-kappa B signaling pathway	TNF signaling pathway	299
Regulation of actin cytoskeleton	Shigellosis	296
One carbon pool by folate	Metabolic pathways	294
Cytosolic DNA-sensing pathway	Human immunodeficiency virus 1 infection	294
Cell adhesion molecules (CAMs)	Malaria	293
Glycosaminoglycan degradation	Metabolic pathways	290
Regulation of actin cytoskeleton	Salmonella infection	287
Glutamatergic synapse	Synaptic vesicle cycle	280
mTOR signaling pathway	Thermogenesis	279
Glutamatergic synapse	Dopaminergic synapse	276
Ras signaling pathway	Phospholipase D signaling pathway	274
PI3K-Akt signaling pathway	HIF-1 signaling pathway	268
Calcium signaling pathway	Aldosterone synthesis and secretion	265
PI3K-Akt signaling pathway	Central carbon metabolism in cancer	263
Citrate cycle (TCA cycle)	Proximal tubule bicarbonate reclamation	258
Type II diabetes mellitus	Non-alcoholic fatty liver disease (NAFLD)	254
Endocytosis	Ras signaling pathway	252
MAPK signaling pathway	Alcoholism	250
Wnt signaling pathway	Basal cell carcinoma	250
N-Glycan biosynthesis	Metabolic pathways	249
MAPK signaling pathway	Choline metabolism in cancer	247
Dopaminergic synapse	Amphetamine addiction	246
RIG-I-like receptor signaling pathway	Epstein-Barr virus infection	246
Antigen processing and presentation	Intestinal immune network for IgA production	245
Aldosterone synthesis and secretion	Aldosterone-regulated sodium reabsorption	244
Ribosome biogenesis in eukaryotes	RNA transport	242
PI3K-Akt signaling pathway	Breast cancer	240
Autophagy - animal	Mitophagy - animal	238
Fc epsilon RI signaling pathway	Asthma	237
MAPK signaling pathway	Neurotrophin signaling pathway	235
Mismatch repair	Colorectal cancer	235
MAPK signaling pathway	FoxO signaling pathway	234
JAK-STAT signaling pathway	Th17 cell differentiation	234
Phosphatidylinositol signaling system	Calcium signaling pathway	231
Fatty acid degradation	Peroxisome	230
Wnt signaling pathway	Melanogenesis	230
Glycerolipid metabolism	Phospholipase D signaling pathway	227
Cardiac muscle contraction	Dilated cardiomyopathy (DCM)	225
Oxidative phosphorylation	Epithelial cell signaling in Helicobacter pylori infection	224
MAPK signaling pathway	Endocrine resistance	222
Non-small cell lung cancer	PI3K-Akt signaling pathway	219
JAK-STAT signaling pathway	Hepatitis C	214
Toll-like receptor signaling pathway	Measles	213
Calcium signaling pathway	Cellular senescence	212
Cardiac muscle contraction	Hypertrophic cardiomyopathy (HCM)	212
Antigen processing and presentation	Allograft rejection	210
Apoptosis	Tuberculosis	209
PI3K-Akt signaling pathway	Hepatocellular carcinoma	207
One carbon pool by folate	Antifolate resistance	204
Cell adhesion molecules (CAMs)	Th17 cell differentiation	202
Calcium signaling pathway	Cholinergic synapse	200
p53 signaling pathway	Epstein-Barr virus infection	200
MAPK signaling pathway	Toxoplasmosis	198
Cell adhesion molecules (CAMs)	Allograft rejection	198
Glycosaminoglycan degradation	Lysosome	196
PI3K-Akt signaling pathway	Ras signaling pathway	194
Apoptosis	Kaposi sarcoma-associated herpesvirus infection	193
PI3K-Akt signaling pathway	Fluid shear stress and atherosclerosis	191
ECM-receptor interaction	Arrhythmogenic right ventricular cardiomyopathy (ARVC)	190
MAPK signaling pathway	Th1 and Th2 cell differentiation	188
Apoptosis	Amyotrophic lateral sclerosis (ALS)	185
Calcium signaling pathway	Insulin secretion	184
Glycolysis  Gluconeogenesis	Metabolic pathways	182
Adipocytokine signaling pathway	Non-alcoholic fatty liver disease (NAFLD)	182
Antigen processing and presentation	Tuberculosis	180
PI3K-Akt signaling pathway	Gastric cancer	180
Rap1 signaling pathway	Focal adhesion	179
MAPK signaling pathway	Progesterone-mediated oocyte maturation	178
MAPK signaling pathway	Circadian entrainment	177
Wnt signaling pathway	Human papillomavirus infection	176
Cysteine and methionine metabolism	Metabolic pathways	172
Mismatch repair	Fanconi anemia pathway	171
N-Glycan biosynthesis	Protein processing in endoplasmic reticulum	171
Tight junction	Cell adhesion molecules (CAMs)	170
PI3K-Akt signaling pathway	Longevity regulating pathway - multiple species	168
Apoptosis	Type I diabetes mellitus	168
Cell adhesion molecules (CAMs)	Autoimmune thyroid disease	168
Regulation of actin cytoskeleton	Proteoglycans in cancer	167
Arachidonic acid metabolism	Serotonergic synapse	166
RIG-I-like receptor signaling pathway	Cytosolic DNA-sensing pathway	165
Calcium signaling pathway	Oxytocin signaling pathway	163
JAK-STAT signaling pathway	Influenza A	160
Calcium signaling pathway	Cushing syndrome	158
Hepatitis B	Viral carcinogenesis	152
Antigen processing and presentation	Herpes simplex virus 1 infection	151
Toll-like receptor signaling pathway	Toxoplasmosis	147
MAPK signaling pathway	Inflammatory mediator regulation of TRP channels	145
EGFR tyrosine kinase inhibitor resistance	ErbB signaling pathway	144
Steroid hormone biosynthesis	Ovarian steroidogenesis	144
NF-kappa B signaling pathway	Cytokine-cytokine receptor interaction	143
Salivary secretion	Carbohydrate digestion and absorption	143
MAPK signaling pathway	Cholinergic synapse	140
Calcium signaling pathway	GnRH signaling pathway	140
Endocytosis	Vasopressin-regulated water reabsorption	140
PI3K-Akt signaling pathway	Colorectal cancer	140
Phospholipase D signaling pathway	Fc epsilon RI signaling pathway	139
Dopaminergic synapse	Alcoholism	138
Apoptosis	IL-17 signaling pathway	136
Regulation of actin cytoskeleton	Bacterial invasion of epithelial cells	134
PI3K-Akt signaling pathway	Endometrial cancer	134
MAPK signaling pathway	Sphingolipid signaling pathway	133
cGMP-PKG signaling pathway	Renin secretion	132
TNF signaling pathway	Human cytomegalovirus infection	132
Cell cycle	Pathways in cancer	129
Th17 cell differentiation	IL-17 signaling pathway	128
Endocrine resistance	cAMP signaling pathway	126
Antigen processing and presentation	Natural killer cell mediated cytotoxicity	126
GABAergic synapse	Retrograde endocannabinoid signaling	124
Epstein-Barr virus infection	Viral carcinogenesis	123
Glutathione metabolism	Thyroid hormone synthesis	122
Regulation of actin cytoskeleton	Chemokine signaling pathway	121
Wnt signaling pathway	Hepatocellular carcinoma	121
Calcium signaling pathway	Taste transduction	119
TNF signaling pathway	Kaposi sarcoma-associated herpesvirus infection	119
Arachidonic acid metabolism	Vascular smooth muscle contraction	118
Focal adhesion	Proteoglycans in cancer	118
Natural killer cell mediated cytotoxicity	Graft-versus-host disease	114
Calcium signaling pathway	cGMP-PKG signaling pathway	112
Sphingolipid metabolism	Sphingolipid signaling pathway	112
MAPK signaling pathway	Long-term potentiation	112
Protein processing in endoplasmic reticulum	Human immunodeficiency virus 1 infection	112
Apoptosis	Necroptosis	111
Transcriptional misregulation in cancer	Acute myeloid leukemia	110
Calcium signaling pathway	Phospholipase D signaling pathway	109
Apoptosis	Acute myeloid leukemia	108
RIG-I-like receptor signaling pathway	Hepatitis C	107
Calcium signaling pathway	Long-term depression	106
mTOR signaling pathway	Acute myeloid leukemia	103
Valine, leucine and isoleucine biosynthesis	Metabolic pathways	102
Chemokine signaling pathway	Leukocyte transendothelial migration	101
Oocyte meiosis	Progesterone-mediated oocyte maturation	101
GABAergic synapse	Estrogen signaling pathway	101
Apoptosis	Colorectal cancer	101
Ubiquinone and other terpenoid-quinone biosynthesis	Metabolic pathways	100
Sphingolipid metabolism	Metabolic pathways	100
Homologous recombination	Fanconi anemia pathway	99
MAPK signaling pathway	cGMP-PKG signaling pathway	99
Galactose metabolism	Metabolic pathways	98
Glycosaminoglycan biosynthesis - heparan sulfate  heparin	Metabolic pathways	96
MAPK signaling pathway	Colorectal cancer	96
Antigen processing and presentation	Graft-versus-host disease	95
Mucin type O-glycan biosynthesis	Metabolic pathways	94
MAPK signaling pathway	Natural killer cell mediated cytotoxicity	94
Hepatitis B	Hepatocellular carcinoma	94
Th17 cell differentiation	Inflammatory bowel disease (IBD)	94
Regulation of lipolysis in adipocytes	Thermogenesis	93
MAPK signaling pathway	Glioma	92
Starch and sucrose metabolism	Metabolic pathways	91
Citrate cycle (TCA cycle)	2-Oxocarboxylic acid metabolism	91
Calcium signaling pathway	Inflammatory mediator regulation of TRP channels	91
Ascorbate and aldarate metabolism	Metabolic pathways	90
Glycosaminoglycan biosynthesis - chondroitin sulfate  dermatan sulfate	Metabolic pathways	90
cAMP signaling pathway	Phospholipase D signaling pathway	90
Autophagy - animal	AMPK signaling pathway	90
PI3K-Akt signaling pathway	Relaxin signaling pathway	90
PI3K-Akt signaling pathway	cGMP-PKG signaling pathway	89
Mannose type O-glycan biosynthesis	Metabolic pathways	88
Glycosylphosphatidylinositol (GPI)-anchor biosynthesis	Metabolic pathways	88
Cysteine and methionine metabolism	Sulfur relay system	88
Calcium signaling pathway	Long-term potentiation	87
Apoptosis	Alzheimer disease	85
Dopaminergic synapse	Morphine addiction	85
VEGF signaling pathway	Pathways in cancer	85
Steroid biosynthesis	Metabolic pathways	84
Caffeine metabolism	Metabolic pathways	84
Neomycin, kanamycin and gentamicin biosynthesis	Metabolic pathways	84
alpha-Linolenic acid metabolism	Metabolic pathways	84
Protein export	Protein processing in endoplasmic reticulum	84
T cell receptor signaling pathway	Th17 cell differentiation	84
cAMP signaling pathway	Olfactory transduction	84
Fructose and mannose metabolism	Metabolic pathways	82
Phosphonate and phosphinate metabolism	Metabolic pathways	82
Biotin metabolism	Metabolic pathways	82
cGMP-PKG signaling pathway	Vascular smooth muscle contraction	81
Synthesis and degradation of ketone bodies	Metabolic pathways	80
Selenocompound metabolism	Metabolic pathways	80
cGMP-PKG signaling pathway	Thermogenesis	79
Primary bile acid biosynthesis	Metabolic pathways	78
Amino sugar and nucleotide sugar metabolism	Metabolic pathways	78
Glycosphingolipid biosynthesis - ganglio series	Metabolic pathways	78
Lipoic acid metabolism	Metabolic pathways	78
Sulfur metabolism	Metabolic pathways	78
Apoptosis	Apoptosis - multiple species	78
PI3K-Akt signaling pathway	Melanoma	78
Fatty acid biosynthesis	Metabolic pathways	76
Glyoxylate and dicarboxylate metabolism	Metabolic pathways	76
Terpenoid backbone biosynthesis	Metabolic pathways	76
Focal adhesion	Small cell lung cancer	76
Glycerophospholipid metabolism	Ether lipid metabolism	75
PI3K-Akt signaling pathway	Signaling pathways regulating pluripotency of stem cells	75
Biosynthesis of unsaturated fatty acids	Metabolic pathways	74
Ribosome biogenesis in eukaryotes	Ribosome	74
Antigen processing and presentation	Autoimmune thyroid disease	74
Focal adhesion	Fluid shear stress and atherosclerosis	74
D-Arginine and D-ornithine metabolism	Metabolic pathways	73
Glycosaminoglycan biosynthesis - keratan sulfate	Metabolic pathways	72
Riboflavin metabolism	Metabolic pathways	72
Nicotinate and nicotinamide metabolism	Metabolic pathways	72
Ras signaling pathway	Rap1 signaling pathway	72
Insulin signaling pathway	Glucagon signaling pathway	72
Apoptosis	Legionellosis	72
JAK-STAT signaling pathway	Tuberculosis	71
mTOR signaling pathway	Proteoglycans in cancer	71
NF-kappa B signaling pathway	IL-17 signaling pathway	70
Hedgehog signaling pathway	Pathways in cancer	70
Insulin signaling pathway	Insulin resistance	69
MAPK signaling pathway	Breast cancer	69
Phenylalanine, tyrosine and tryptophan biosynthesis	Metabolic pathways	68
Thiamine metabolism	Metabolic pathways	68
Alanine, aspartate and glutamate metabolism	Metabolic pathways	67
RIG-I-like receptor signaling pathway	Influenza A	67
Apoptosis	Human immunodeficiency virus 1 infection	67
Fatty acid elongation	Metabolic pathways	66
Pyruvate metabolism	Metabolic pathways	66
Vitamin B6 metabolism	Metabolic pathways	66
Pantothenate and CoA biosynthesis	Metabolic pathways	66
Endocytosis	Phagosome	66
EGFR tyrosine kinase inhibitor resistance	mTOR signaling pathway	66
Tight junction	Hippo signaling pathway	66
Apoptosis	Neurotrophin signaling pathway	66
Adipocytokine signaling pathway	Insulin signaling pathway	66
T cell receptor signaling pathway	Human T-cell leukemia virus 1 infection	66
MAPK signaling pathway	Renal cell carcinoma	66
D-Glutamine and D-glutamate metabolism	Metabolic pathways	65
mTOR signaling pathway	Phospholipase D signaling pathway	65
Wnt signaling pathway	Signaling pathways regulating pluripotency of stem cells	65
Pentose phosphate pathway	Metabolic pathways	64
cGMP-PKG signaling pathway	Phototransduction	64
JAK-STAT signaling pathway	Epstein-Barr virus infection	64
Non-small cell lung cancer	MAPK signaling pathway	63
NOD-like receptor signaling pathway	Tuberculosis	63
Taurine and hypotaurine metabolism	Metabolic pathways	62
cAMP signaling pathway	GnRH signaling pathway	61
Apoptosis	Toxoplasmosis	61
p53 signaling pathway	Transcriptional misregulation in cancer	61
Human T-cell leukemia virus 1 infection	Viral carcinogenesis	60
Autophagy - animal	Insulin signaling pathway	59
Pentose and glucuronate interconversions	Metabolic pathways	58
Regulation of actin cytoskeleton	Adherens junction	58
cAMP signaling pathway	Long-term potentiation	58
cAMP signaling pathway	Cortisol synthesis and secretion	58
Influenza A	Viral myocarditis	58
Other glycan degradation	Metabolic pathways	57
Calcium signaling pathway	Parathyroid hormone synthesis, secretion and action	57
cAMP signaling pathway	Cushing syndrome	57
GABAergic synapse	Nicotine addiction	57
Cell cycle	Ubiquitin mediated proteolysis	56
PPAR signaling pathway	Peroxisome	54
Pancreatic cancer	PI3K-Akt signaling pathway	54
Toll-like receptor signaling pathway	Th17 cell differentiation	54
cGMP-PKG signaling pathway	Aldosterone synthesis and secretion	54
PI3K-Akt signaling pathway	Chronic myeloid leukemia	54
PI3K-Akt signaling pathway	Prolactin signaling pathway	53
Tight junction	Pathogenic Escherichia coli infection	52
MAPK signaling pathway	Kaposi sarcoma-associated herpesvirus infection	52
Ras signaling pathway	Regulation of actin cytoskeleton	51
Leukocyte transendothelial migration	Fluid shear stress and atherosclerosis	51
Apoptosis	Human cytomegalovirus infection	50
MAPK signaling pathway	Gastric cancer	50
Linoleic acid metabolism	Metabolic pathways	49
TGF-beta signaling pathway	Hippo signaling pathway	49
Cell cycle	Human T-cell leukemia virus 1 infection	49
RNA transport	mRNA surveillance pathway	48
MAPK signaling pathway	Melanoma	48
AMPK signaling pathway	Longevity regulating pathway	47
Cell cycle	Cellular senescence	47
Cytokine-cytokine receptor interaction	Natural killer cell mediated cytotoxicity	47
T cell receptor signaling pathway	Th1 and Th2 cell differentiation	46
JAK-STAT signaling pathway	Hepatitis B	46
MAPK signaling pathway	Hepatocellular carcinoma	46
Antigen processing and presentation	Inflammatory bowel disease (IBD)	46
Calcium signaling pathway	Rap1 signaling pathway	45
Glioma	Calcium signaling pathway	45
Sphingolipid signaling pathway	Phospholipase D signaling pathway	45
p53 signaling pathway	Cellular senescence	44
Glycolysis  Gluconeogenesis	Central carbon metabolism in cancer	44
Cell adhesion molecules (CAMs)	Graft-versus-host disease	43
Endocytosis	Fc gamma R-mediated phagocytosis	42
mTOR signaling pathway	ErbB signaling pathway	41
Calcium signaling pathway	Estrogen signaling pathway	41
Endocytosis	Bacterial invasion of epithelial cells	41
Chemokine signaling pathway	Viral carcinogenesis	41
MAPK signaling pathway	Signaling pathways regulating pluripotency of stem cells	40
Protein processing in endoplasmic reticulum	Non-alcoholic fatty liver disease (NAFLD)	40
Apoptosis	Human T-cell leukemia virus 1 infection	39
MAPK signaling pathway	B cell receptor signaling pathway	37
Calcium signaling pathway	Thyroid hormone signaling pathway	37
TNF signaling pathway	Human T-cell leukemia virus 1 infection	37
TNF signaling pathway	Hepatitis C	36
Regulation of actin cytoskeleton	Human immunodeficiency virus 1 infection	36
JAK-STAT signaling pathway	Inflammatory bowel disease (IBD)	36
JAK-STAT signaling pathway	Th1 and Th2 cell differentiation	35
PI3K-Akt signaling pathway	T cell receptor signaling pathway	35
Pancreatic cancer	MAPK signaling pathway	34
Autophagy - animal	NOD-like receptor signaling pathway	34
Wnt signaling pathway	Proteoglycans in cancer	34
Hepatitis C	Hepatocellular carcinoma	34
Apoptosis	Endocrine resistance	33
Focal adhesion	Thyroid hormone signaling pathway	33
Calcium signaling pathway	Glucagon signaling pathway	33
NOD-like receptor signaling pathway	Shigellosis	33
MAPK signaling pathway	Endometrial cancer	33
FoxO signaling pathway	Insulin signaling pathway	32
Transcriptional misregulation in cancer	Thyroid cancer	32
RNA transport	Spliceosome	31
MAPK signaling pathway	Relaxin signaling pathway	31
PI3K-Akt signaling pathway	B cell receptor signaling pathway	30
Endocytosis	Endocrine and other factor-regulated calcium reabsorption	30
Autophagy - animal	Longevity regulating pathway	29
RIG-I-like receptor signaling pathway	Herpes simplex virus 1 infection	29
Calcium signaling pathway	Human immunodeficiency virus 1 infection	29
JAK-STAT signaling pathway	Natural killer cell mediated cytotoxicity	28
Wnt signaling pathway	Axon guidance	27
GABAergic synapse	Morphine addiction	27
EGFR tyrosine kinase inhibitor resistance	Glioma	27
Bladder cancer	MicroRNAs in cancer	26
Tyrosine metabolism	Phenylalanine metabolism	25
Regulation of actin cytoskeleton	Human cytomegalovirus infection	25
Pancreatic cancer	Apoptosis	24
Glycolysis  Gluconeogenesis	Glucagon signaling pathway	24
Apoptosis	Proteoglycans in cancer	24
Apoptosis	Chronic myeloid leukemia	24
Wnt signaling pathway	Gastric cancer	24
FoxO signaling pathway	Autophagy - animal	23
Arginine biosynthesis	Nitrogen metabolism	22
NF-kappa B signaling pathway	NOD-like receptor signaling pathway	22
cAMP signaling pathway	Relaxin signaling pathway	22
Wnt signaling pathway	Breast cancer	22
Cardiac muscle contraction	Arrhythmogenic right ventricular cardiomyopathy (ARVC)	22
Apoptosis	TNF signaling pathway	21
MAPK signaling pathway	Human immunodeficiency virus 1 infection	21
Hepatitis C	Viral carcinogenesis	21
cAMP signaling pathway	Cardiac muscle contraction	20
Long-term depression	Glutamatergic synapse	20
mTOR signaling pathway	Insulin signaling pathway	20
NF-kappa B signaling pathway	Fluid shear stress and atherosclerosis	20
Adherens junction	Tight junction	19
cAMP signaling pathway	Glucagon signaling pathway	19
JAK-STAT signaling pathway	Toll-like receptor signaling pathway	18
JAK-STAT signaling pathway	Prolactin signaling pathway	18
Apoptosis	Viral carcinogenesis	18
Apoptosis	Prostate cancer	18
MAPK signaling pathway	Chronic myeloid leukemia	18
Vascular smooth muscle contraction	Apelin signaling pathway	17
NF-kappa B signaling pathway	Th17 cell differentiation	17
Ubiquitin mediated proteolysis	Parkinson disease	17
Pancreatic secretion	Carbohydrate digestion and absorption	16
Cell adhesion molecules (CAMs)	Th1 and Th2 cell differentiation	15
Regulation of actin cytoskeleton	T cell receptor signaling pathway	15
MAPK signaling pathway	Prolactin signaling pathway	15
Apoptosis	FoxO signaling pathway	14
Apoptosis	Small cell lung cancer	14
Other glycan degradation	Lysosome	13
FoxO signaling pathway	Longevity regulating pathway	13
mTOR signaling pathway	Longevity regulating pathway	13
Insulin signaling pathway	Longevity regulating pathway	13
Regulation of actin cytoskeleton	Tight junction	12
NF-kappa B signaling pathway	Hepatitis B	12
Glioma	MicroRNAs in cancer	12
Platinum drug resistance	p53 signaling pathway	11
Rap1 signaling pathway	Adherens junction	11
Ras signaling pathway	T cell receptor signaling pathway	11
NF-kappa B signaling pathway	T cell receptor signaling pathway	11
Vascular smooth muscle contraction	Estrogen signaling pathway	11
mTOR signaling pathway	Thyroid hormone signaling pathway	11
Bacterial invasion of epithelial cells	Salmonella infection	11
NF-kappa B signaling pathway	Osteoclast differentiation	10
Apoptosis	Measles	10
NF-kappa B signaling pathway	Human cytomegalovirus infection	10
Ras signaling pathway	Long-term potentiation	9
Cell cycle	Progesterone-mediated oocyte maturation	9
Insulin signaling pathway	Regulation of lipolysis in adipocytes	9
Carbohydrate digestion and absorption	Mineral absorption	9
NF-kappa B signaling pathway	Human T-cell leukemia virus 1 infection	9
JAK-STAT signaling pathway	Kaposi sarcoma-associated herpesvirus infection	9
mTOR signaling pathway	Choline metabolism in cancer	9
Hematopoietic cell lineage	Primary immunodeficiency	9
Focal adhesion	VEGF signaling pathway	8
Phosphatidylinositol signaling system	Insulin signaling pathway	8
Cell cycle	Epstein-Barr virus infection	8
p53 signaling pathway	Small cell lung cancer	8
Longevity regulating pathway	Longevity regulating pathway - multiple species	7
Insulin signaling pathway	Longevity regulating pathway - multiple species	7
Cell cycle	TGF-beta signaling pathway	7
Notch signaling pathway	Th1 and Th2 cell differentiation	7
Glutamatergic synapse	Nicotine addiction	7
RIG-I-like receptor signaling pathway	Measles	7
B cell receptor signaling pathway	Epstein-Barr virus infection	7
AMPK signaling pathway	Longevity regulating pathway - multiple species	6
Endocytosis	TGF-beta signaling pathway	6
cGMP-PKG signaling pathway	Regulation of lipolysis in adipocytes	6
TNF signaling pathway	Insulin resistance	6
T cell receptor signaling pathway	Measles	6
mTOR signaling pathway	Human cytomegalovirus infection	6
mTOR signaling pathway	Central carbon metabolism in cancer	6
Colorectal cancer	Wnt signaling pathway	5
C-type lectin receptor signaling pathway	Th1 and Th2 cell differentiation	5
Thyroid hormone synthesis	Thyroid hormone signaling pathway	5
Apoptosis	Pathogenic Escherichia coli infection	5
Pathogenic Escherichia coli infection	Shigellosis	5
TGF-beta signaling pathway	Chagas disease (American trypanosomiasis)	5
Cell cycle	Viral carcinogenesis	5
Kaposi sarcoma-associated herpesvirus infection	Viral carcinogenesis	5
VEGF signaling pathway	Proteoglycans in cancer	5
Non-small cell lung cancer	Ras signaling pathway	4
Apoptosis	p53 signaling pathway	4
Antifolate resistance	Endocytosis	4
Insulin signaling pathway	AMPK signaling pathway	4
Glutamatergic synapse	Amyotrophic lateral sclerosis (ALS)	4
Bacterial invasion of epithelial cells	Shigellosis	4
TNF signaling pathway	Human immunodeficiency virus 1 infection	4
Non-small cell lung cancer	MicroRNAs in cancer	4
mTOR signaling pathway	Glioma	4
ErbB signaling pathway	Bladder cancer	4
EGFR tyrosine kinase inhibitor resistance	Non-small cell lung cancer	4
Antigen processing and presentation	Viral myocarditis	4
Arginine biosynthesis	2-Oxocarboxylic acid metabolism	3
T cell receptor signaling pathway	Intestinal immune network for IgA production	3
Long-term potentiation	Glutamatergic synapse	3
p53 signaling pathway	Human T-cell leukemia virus 1 infection	3
p53 signaling pathway	Viral carcinogenesis	3
Colorectal cancer	MicroRNAs in cancer	3
Osteoclast differentiation	Rheumatoid arthritis	3
Non-small cell lung cancer	ErbB signaling pathway	2
mTOR signaling pathway	AMPK signaling pathway	2
FoxO signaling pathway	Longevity regulating pathway - multiple species	2
mTOR signaling pathway	Longevity regulating pathway - multiple species	2
Colorectal cancer	TGF-beta signaling pathway	2
Regulation of actin cytoskeleton	B cell receptor signaling pathway	2
Arachidonic acid metabolism	Inflammatory mediator regulation of TRP channels	2
Tight junction	Vibrio cholerae infection	2
Tight junction	Salmonella infection	2
Small cell lung cancer	MicroRNAs in cancer	2
ErbB signaling pathway	Colorectal cancer	2
mTOR signaling pathway	Colorectal cancer	2
EGFR tyrosine kinase inhibitor resistance	Pancreatic cancer	2
ErbB signaling pathway	Glioma	2
Estrogen signaling pathway	Breast cancer	2
Alanine, aspartate and glutamate metabolism	D-Glutamine and D-glutamate metabolism	1
Arachidonic acid metabolism	Linoleic acid metabolism	1
ErbB signaling pathway	Platinum drug resistance	1
Cell cycle	FoxO signaling pathway	1
Ubiquitin mediated proteolysis	Oocyte meiosis	1
Cell cycle	p53 signaling pathway	1
Glioma	p53 signaling pathway	1
TNF signaling pathway	Necroptosis	1
mTOR signaling pathway	Cellular senescence	1
Adherens junction	Hippo signaling pathway	1
Circadian rhythm	Circadian entrainment	1
Long-term potentiation	Neurotrophin signaling pathway	1
Starch and sucrose metabolism	Insulin signaling pathway	1
Endocrine resistance	Ovarian steroidogenesis	1
Ovarian steroidogenesis	Estrogen signaling pathway	1
Vascular smooth muscle contraction	Relaxin signaling pathway	1
Tight junction	Epithelial cell signaling in Helicobacter pylori infection	1
HIF-1 signaling pathway	Proteoglycans in cancer	1
ErbB signaling pathway	Endometrial cancer	1
Homologous recombination	Breast cancer	1
HIF-1 signaling pathway	Central carbon metabolism in cancer	1
Glycolysis  Gluconeogenesis	Citrate cycle (TCA cycle)	0
Pyruvate metabolism	Citrate cycle (TCA cycle)	0
Glycolysis  Gluconeogenesis	Pentose phosphate pathway	0
Glycolysis  Gluconeogenesis	Pentose and glucuronate interconversions	0
Pentose phosphate pathway	Pentose and glucuronate interconversions	0
Ascorbate and aldarate metabolism	Pentose and glucuronate interconversions	0
Starch and sucrose metabolism	Pentose and glucuronate interconversions	0
Glycolysis  Gluconeogenesis	Fructose and mannose metabolism	0
Galactose metabolism	Fructose and mannose metabolism	0
Amino sugar and nucleotide sugar metabolism	Fructose and mannose metabolism	0
Glycolysis  Gluconeogenesis	Galactose metabolism	0
Pentose phosphate pathway	Galactose metabolism	0
Pentose and glucuronate interconversions	Galactose metabolism	0
Pyruvate metabolism	Fatty acid biosynthesis	0
Fatty acid biosynthesis	Fatty acid degradation	0
Fatty acid elongation	Fatty acid degradation	0
Glyoxylate and dicarboxylate metabolism	Fatty acid degradation	0
Fatty acid degradation	Synthesis and degradation of ketone bodies	0
Pyruvate metabolism	Synthesis and degradation of ketone bodies	0
Steroid biosynthesis	Steroid hormone biosynthesis	0
Alanine, aspartate and glutamate metabolism	Arginine biosynthesis	0
Pentose phosphate pathway	Purine metabolism	0
Alanine, aspartate and glutamate metabolism	Purine metabolism	0
Purine metabolism	Caffeine metabolism	0
Alanine, aspartate and glutamate metabolism	Pyrimidine metabolism	0
Glyoxylate and dicarboxylate metabolism	Alanine, aspartate and glutamate metabolism	0
Glycolysis  Gluconeogenesis	Glycine, serine and threonine metabolism	0
Citrate cycle (TCA cycle)	Glycine, serine and threonine metabolism	0
Alanine, aspartate and glutamate metabolism	Glycine, serine and threonine metabolism	0
Arginine and proline metabolism	Glycine, serine and threonine metabolism	0
Pyruvate metabolism	Glycine, serine and threonine metabolism	0
Glyoxylate and dicarboxylate metabolism	Glycine, serine and threonine metabolism	0
Propanoate metabolism	Glycine, serine and threonine metabolism	0
Alanine, aspartate and glutamate metabolism	Cysteine and methionine metabolism	0
Glycine, serine and threonine metabolism	Cysteine and methionine metabolism	0
Arginine and proline metabolism	Cysteine and methionine metabolism	0
Glutathione metabolism	Cysteine and methionine metabolism	0
Pyruvate metabolism	Cysteine and methionine metabolism	0
Propanoate metabolism	Cysteine and methionine metabolism	0
Pantothenate and CoA biosynthesis	Cysteine and methionine metabolism	0
Citrate cycle (TCA cycle)	Valine, leucine and isoleucine degradation	0
Propanoate metabolism	Valine, leucine and isoleucine degradation	0
Glycine, serine and threonine metabolism	Valine, leucine and isoleucine biosynthesis	0
Cysteine and methionine metabolism	Valine, leucine and isoleucine biosynthesis	0
Valine, leucine and isoleucine degradation	Valine, leucine and isoleucine biosynthesis	0
Citrate cycle (TCA cycle)	Lysine degradation	0
Arginine and proline metabolism	Lysine degradation	0
Ascorbate and aldarate metabolism	Arginine and proline metabolism	0
Arginine biosynthesis	Arginine and proline metabolism	0
Alanine, aspartate and glutamate metabolism	Arginine and proline metabolism	0
beta-Alanine metabolism	Arginine and proline metabolism	0
Glyoxylate and dicarboxylate metabolism	Arginine and proline metabolism	0
Alanine, aspartate and glutamate metabolism	Histidine metabolism	0
Glycolysis  Gluconeogenesis	Phenylalanine metabolism	0
Valine, leucine and isoleucine degradation	Phenylalanine metabolism	0
Phenylalanine, tyrosine and tryptophan biosynthesis	Phenylalanine metabolism	0
Glycolysis  Gluconeogenesis	Tryptophan metabolism	0
Phenylalanine, tyrosine and tryptophan biosynthesis	Tryptophan metabolism	0
Nicotinate and nicotinamide metabolism	Tryptophan metabolism	0
Ubiquinone and other terpenoid-quinone biosynthesis	Phenylalanine, tyrosine and tryptophan biosynthesis	0
Tyrosine metabolism	Phenylalanine, tyrosine and tryptophan biosynthesis	0
Pyrimidine metabolism	beta-Alanine metabolism	0
Alanine, aspartate and glutamate metabolism	beta-Alanine metabolism	0
Propanoate metabolism	beta-Alanine metabolism	0
Cysteine and methionine metabolism	Taurine and hypotaurine metabolism	0
Glutathione metabolism	Taurine and hypotaurine metabolism	0
Arginine and proline metabolism	Glutathione metabolism	0
Glycolysis  Gluconeogenesis	Starch and sucrose metabolism	0
Glycosaminoglycan biosynthesis - keratan sulfate	Mucin type O-glycan biosynthesis	0
N-Glycan biosynthesis	Mannose type O-glycan biosynthesis	0
Glycolysis  Gluconeogenesis	Amino sugar and nucleotide sugar metabolism	0
Pentose and glucuronate interconversions	Amino sugar and nucleotide sugar metabolism	0
Galactose metabolism	Amino sugar and nucleotide sugar metabolism	0
Ascorbate and aldarate metabolism	Amino sugar and nucleotide sugar metabolism	0
Starch and sucrose metabolism	Amino sugar and nucleotide sugar metabolism	0
Amino sugar and nucleotide sugar metabolism	Neomycin, kanamycin and gentamicin biosynthesis	0
Glycosaminoglycan biosynthesis - heparan sulfate  heparin	Glycosaminoglycan biosynthesis - chondroitin sulfate  dermatan sulfate	0
N-Glycan biosynthesis	Glycosaminoglycan biosynthesis - keratan sulfate	0
Glycolysis  Gluconeogenesis	Glycerolipid metabolism	0
Pentose and glucuronate interconversions	Glycerolipid metabolism	0
Fatty acid degradation	Glycerolipid metabolism	0
Glycolysis  Gluconeogenesis	Inositol phosphate metabolism	0
N-Glycan biosynthesis	Glycosylphosphatidylinositol (GPI)-anchor biosynthesis	0
Glycerolipid metabolism	Glycerophospholipid metabolism	0
Inositol phosphate metabolism	Glycerophospholipid metabolism	0
Sphingolipid metabolism	Glycosphingolipid biosynthesis - globo and isoglobo series	0
Other glycan degradation	Glycosphingolipid biosynthesis - ganglio series	0
Sphingolipid metabolism	Glycosphingolipid biosynthesis - ganglio series	0
Glycolysis  Gluconeogenesis	Pyruvate metabolism	0
Glycolysis  Gluconeogenesis	Glyoxylate and dicarboxylate metabolism	0
Citrate cycle (TCA cycle)	Glyoxylate and dicarboxylate metabolism	0
Pyruvate metabolism	Glyoxylate and dicarboxylate metabolism	0
Glycolysis  Gluconeogenesis	Propanoate metabolism	0
Citrate cycle (TCA cycle)	Propanoate metabolism	0
Pyruvate metabolism	Propanoate metabolism	0
Fatty acid degradation	Butanoate metabolism	0
Synthesis and degradation of ketone bodies	Butanoate metabolism	0
Alanine, aspartate and glutamate metabolism	Butanoate metabolism	0
Pyruvate metabolism	Butanoate metabolism	0
Folate biosynthesis	One carbon pool by folate	0
Purine metabolism	Thiamine metabolism	0
Purine metabolism	Riboflavin metabolism	0
beta-Alanine metabolism	Pantothenate and CoA biosynthesis	0
Fatty acid biosynthesis	Biotin metabolism	0
Phenylalanine, tyrosine and tryptophan biosynthesis	Folate biosynthesis	0
Glycine, serine and threonine metabolism	Porphyrin and chlorophyll metabolism	0
Riboflavin metabolism	Porphyrin and chlorophyll metabolism	0
Valine, leucine and isoleucine degradation	Terpenoid backbone biosynthesis	0
Alanine, aspartate and glutamate metabolism	Nitrogen metabolism	0
Glyoxylate and dicarboxylate metabolism	Nitrogen metabolism	0
Cysteine and methionine metabolism	Sulfur metabolism	0
Valine, leucine and isoleucine biosynthesis	2-Oxocarboxylic acid metabolism	0
Drug metabolism - cytochrome P450	Endocrine resistance	0
Purine metabolism	Antifolate resistance	0
Cell cycle	Platinum drug resistance	0
Spliceosome	mRNA surveillance pathway	0
Synthesis and degradation of ketone bodies	PPAR signaling pathway	0
Primary bile acid biosynthesis	PPAR signaling pathway	0
Platinum drug resistance	Nucleotide excision repair	0
Platinum drug resistance	Mismatch repair	0
mTOR signaling pathway	MAPK signaling pathway	0
Pancreatic cancer	ErbB signaling pathway	0
Calcium signaling pathway	Ras signaling pathway	0
T cell receptor signaling pathway	Rap1 signaling pathway	0
MAPK signaling pathway	Calcium signaling pathway	0
ErbB signaling pathway	Calcium signaling pathway	0
NF-kappa B signaling pathway	Calcium signaling pathway	0
Apoptosis	Calcium signaling pathway	0
Non-small cell lung cancer	Calcium signaling pathway	0
Apoptosis	cGMP-PKG signaling pathway	0
Fatty acid degradation	cAMP signaling pathway	0
PI3K-Akt signaling pathway	cAMP signaling pathway	0
Apoptosis	cAMP signaling pathway	0
Endocytosis	Cytokine-cytokine receptor interaction	0
Adherens junction	Cytokine-cytokine receptor interaction	0
JAK-STAT signaling pathway	Chemokine signaling pathway	0
PI3K-Akt signaling pathway	NF-kappa B signaling pathway	0
Citrate cycle (TCA cycle)	HIF-1 signaling pathway	0
MAPK signaling pathway	HIF-1 signaling pathway	0
Calcium signaling pathway	HIF-1 signaling pathway	0
Ubiquitin mediated proteolysis	HIF-1 signaling pathway	0
mTOR signaling pathway	HIF-1 signaling pathway	0
Glycolysis  Gluconeogenesis	FoxO signaling pathway	0
Citrate cycle (TCA cycle)	FoxO signaling pathway	0
Ubiquitin mediated proteolysis	FoxO signaling pathway	0
JAK-STAT signaling pathway	FoxO signaling pathway	0
MAPK signaling pathway	Phosphatidylinositol signaling system	0
Endocytosis	Phosphatidylinositol signaling system	0
PI3K-Akt signaling pathway	Phosphatidylinositol signaling system	0
MAPK signaling pathway	Phospholipase D signaling pathway	0
Endocrine resistance	Cell cycle	0
MAPK signaling pathway	Cell cycle	0
ErbB signaling pathway	Cell cycle	0
PI3K-Akt signaling pathway	Cell cycle	0
Apoptosis	Cell cycle	0
JAK-STAT signaling pathway	Cell cycle	0
Pancreatic cancer	Cell cycle	0
Glioma	Cell cycle	0
Non-small cell lung cancer	Cell cycle	0
MAPK signaling pathway	Oocyte meiosis	0
MAPK signaling pathway	p53 signaling pathway	0
PI3K-Akt signaling pathway	p53 signaling pathway	0
Pancreatic cancer	p53 signaling pathway	0
Non-small cell lung cancer	p53 signaling pathway	0
Nucleotide excision repair	Ubiquitin mediated proteolysis	0
NF-kappa B signaling pathway	Ubiquitin mediated proteolysis	0
JAK-STAT signaling pathway	Ubiquitin mediated proteolysis	0
Thiamine metabolism	Sulfur relay system	0
Folate biosynthesis	Sulfur relay system	0
Autophagy - animal	Protein processing in endoplasmic reticulum	0
Sphingolipid signaling pathway	Lysosome	0
Autophagy - animal	Lysosome	0
Endocytosis	Lysosome	0
Complement and coagulation cascades	Phagosome	0
Toll-like receptor signaling pathway	Phagosome	0
Primary bile acid biosynthesis	Peroxisome	0
Purine metabolism	Peroxisome	0
Glycerophospholipid metabolism	Peroxisome	0
Ether lipid metabolism	Peroxisome	0
Retinol metabolism	Peroxisome	0
Terpenoid backbone biosynthesis	Peroxisome	0
Glycerolipid metabolism	mTOR signaling pathway	0
Glycolysis  Gluconeogenesis	PI3K-Akt signaling pathway	0
mTOR signaling pathway	PI3K-Akt signaling pathway	0
Glycolysis  Gluconeogenesis	AMPK signaling pathway	0
Fatty acid biosynthesis	AMPK signaling pathway	0
Starch and sucrose metabolism	AMPK signaling pathway	0
Biosynthesis of unsaturated fatty acids	AMPK signaling pathway	0
Cell cycle	AMPK signaling pathway	0
EGFR tyrosine kinase inhibitor resistance	Apoptosis	0
MAPK signaling pathway	Apoptosis	0
PI3K-Akt signaling pathway	Apoptosis	0
NF-kappa B signaling pathway	Longevity regulating pathway	0
p53 signaling pathway	Longevity regulating pathway	0
Alanine, aspartate and glutamate metabolism	Necroptosis	0
Calcium signaling pathway	Cardiac muscle contraction	0
MAPK signaling pathway	Wnt signaling pathway	0
Cell cycle	Wnt signaling pathway	0
p53 signaling pathway	Wnt signaling pathway	0
Ubiquitin mediated proteolysis	Wnt signaling pathway	0
Endocrine resistance	Notch signaling pathway	0
cAMP signaling pathway	Hedgehog signaling pathway	0
Ubiquitin mediated proteolysis	Hedgehog signaling pathway	0
MAPK signaling pathway	TGF-beta signaling pathway	0
FoxO signaling pathway	TGF-beta signaling pathway	0
Ubiquitin mediated proteolysis	TGF-beta signaling pathway	0
Apoptosis	TGF-beta signaling pathway	0
Wnt signaling pathway	TGF-beta signaling pathway	0
Adherens junction	TGF-beta signaling pathway	0
Ovarian steroidogenesis	TGF-beta signaling pathway	0
Renal cell carcinoma	TGF-beta signaling pathway	0
Pancreatic cancer	TGF-beta signaling pathway	0
Cytokine-cytokine receptor interaction	Axon guidance	0
Arachidonic acid metabolism	VEGF signaling pathway	0
Calcium signaling pathway	VEGF signaling pathway	0
HIF-1 signaling pathway	VEGF signaling pathway	0
PI3K-Akt signaling pathway	VEGF signaling pathway	0
Renal cell carcinoma	VEGF signaling pathway	0
Pancreatic cancer	VEGF signaling pathway	0
MAPK signaling pathway	Apelin signaling pathway	0
mTOR signaling pathway	Apelin signaling pathway	0
AMPK signaling pathway	Apelin signaling pathway	0
Calcium signaling pathway	Osteoclast differentiation	0
PI3K-Akt signaling pathway	Osteoclast differentiation	0
JAK-STAT signaling pathway	Osteoclast differentiation	0
Ubiquitin mediated proteolysis	Hippo signaling pathway	0
Phosphatidylinositol signaling system	Focal adhesion	0
Cell cycle	Focal adhesion	0
Wnt signaling pathway	Focal adhesion	0
Adherens junction	Cell adhesion molecules (CAMs)	0
Complement and coagulation cascades	Cell adhesion molecules (CAMs)	0
T cell receptor signaling pathway	Cell adhesion molecules (CAMs)	0
MAPK signaling pathway	Adherens junction	0
Wnt signaling pathway	Adherens junction	0
Endometrial cancer	Adherens junction	0
Apelin signaling pathway	Tight junction	0
Pancreatic secretion	Tight junction	0
Bile secretion	Tight junction	0
Phosphatidylinositol signaling system	Gap junction	0
TGF-beta signaling pathway	Signaling pathways regulating pluripotency of stem cells	0
JAK-STAT signaling pathway	Signaling pathways regulating pluripotency of stem cells	0
Arachidonic acid metabolism	Platelet activation	0
PI3K-Akt signaling pathway	Platelet activation	0
Complement and coagulation cascades	Platelet activation	0
Renal cell carcinoma	Platelet activation	0
Proteasome	Antigen processing and presentation	0
T cell receptor signaling pathway	Antigen processing and presentation	0
Vascular smooth muscle contraction	Renin-angiotensin system	0
Ubiquitin mediated proteolysis	Toll-like receptor signaling pathway	0
MAPK signaling pathway	NOD-like receptor signaling pathway	0
MAPK signaling pathway	RIG-I-like receptor signaling pathway	0
NF-kappa B signaling pathway	RIG-I-like receptor signaling pathway	0
Ubiquitin mediated proteolysis	RIG-I-like receptor signaling pathway	0
Apoptosis	RIG-I-like receptor signaling pathway	0
JAK-STAT signaling pathway	RIG-I-like receptor signaling pathway	0
NF-kappa B signaling pathway	Cytosolic DNA-sensing pathway	0
EGFR tyrosine kinase inhibitor resistance	JAK-STAT signaling pathway	0
MAPK signaling pathway	JAK-STAT signaling pathway	0
Apoptosis	JAK-STAT signaling pathway	0
Pancreatic cancer	JAK-STAT signaling pathway	0
Calcium signaling pathway	Natural killer cell mediated cytotoxicity	0
Apoptosis	Natural killer cell mediated cytotoxicity	0
Calcium signaling pathway	Th1 and Th2 cell differentiation	0
NF-kappa B signaling pathway	Th1 and Th2 cell differentiation	0
Calcium signaling pathway	Th17 cell differentiation	0
HIF-1 signaling pathway	Th17 cell differentiation	0
TGF-beta signaling pathway	Th17 cell differentiation	0
Calcium signaling pathway	T cell receptor signaling pathway	0
Ubiquitin mediated proteolysis	T cell receptor signaling pathway	0
Calcium signaling pathway	B cell receptor signaling pathway	0
NF-kappa B signaling pathway	B cell receptor signaling pathway	0
Complement and coagulation cascades	B cell receptor signaling pathway	0
Arachidonic acid metabolism	Fc epsilon RI signaling pathway	0
Phosphatidylinositol signaling system	Fc epsilon RI signaling pathway	0
Calcium signaling pathway	Fc gamma R-mediated phagocytosis	0
Phagosome	Fc gamma R-mediated phagocytosis	0
Ubiquitin mediated proteolysis	TNF signaling pathway	0
PI3K-Akt signaling pathway	TNF signaling pathway	0
B cell receptor signaling pathway	Intestinal immune network for IgA production	0
Leukocyte transendothelial migration	Intestinal immune network for IgA production	0
Ubiquitin mediated proteolysis	Circadian rhythm	0
Citrate cycle (TCA cycle)	Thermogenesis	0
Ubiquitin mediated proteolysis	Neurotrophin signaling pathway	0
Regulation of actin cytoskeleton	Neurotrophin signaling pathway	0
Synaptic vesicle cycle	Retrograde endocannabinoid signaling	0
Glycerophospholipid metabolism	Cholinergic synapse	0
Synaptic vesicle cycle	Cholinergic synapse	0
Tryptophan metabolism	Serotonergic synapse	0
Synaptic vesicle cycle	Serotonergic synapse	0
Bile secretion	Serotonergic synapse	0
Alanine, aspartate and glutamate metabolism	GABAergic synapse	0
Endocytosis	GABAergic synapse	0
Synaptic vesicle cycle	GABAergic synapse	0
Tyrosine metabolism	Dopaminergic synapse	0
Synaptic vesicle cycle	Dopaminergic synapse	0
Parkinson disease	Dopaminergic synapse	0
Purine metabolism	Olfactory transduction	0
Complement and coagulation cascades	Inflammatory mediator regulation of TRP channels	0
mTOR signaling pathway	Regulation of actin cytoskeleton	0
Glycolysis  Gluconeogenesis	Insulin signaling pathway	0
Fatty acid biosynthesis	Insulin signaling pathway	0
MAPK signaling pathway	Insulin signaling pathway	0
Apoptosis	Insulin signaling pathway	0
Ovarian steroidogenesis	Insulin signaling pathway	0
Renal cell carcinoma	Insulin secretion	0
Neuroactive ligand-receptor interaction	GnRH signaling pathway	0
MAPK signaling pathway	Estrogen signaling pathway	0
PI3K-Akt signaling pathway	Estrogen signaling pathway	0
Tyrosine metabolism	Melanogenesis	0
MAPK signaling pathway	Melanogenesis	0
Dopaminergic synapse	Prolactin signaling pathway	0
Insulin secretion	Prolactin signaling pathway	0
Ovarian steroidogenesis	Prolactin signaling pathway	0
Estrogen signaling pathway	Prolactin signaling pathway	0
Tyrosine metabolism	Thyroid hormone synthesis	0
Tight junction	Thyroid hormone synthesis	0
Glycolysis  Gluconeogenesis	Thyroid hormone signaling pathway	0
MAPK signaling pathway	Thyroid hormone signaling pathway	0
HIF-1 signaling pathway	Thyroid hormone signaling pathway	0
p53 signaling pathway	Thyroid hormone signaling pathway	0
Cardiac muscle contraction	Thyroid hormone signaling pathway	0
Wnt signaling pathway	Thyroid hormone signaling pathway	0
Notch signaling pathway	Thyroid hormone signaling pathway	0
Regulation of actin cytoskeleton	Thyroid hormone signaling pathway	0
MAPK signaling pathway	Adipocytokine signaling pathway	0
Arachidonic acid metabolism	Oxytocin signaling pathway	0
Cell cycle	Oxytocin signaling pathway	0
Citrate cycle (TCA cycle)	Glucagon signaling pathway	0
Fatty acid biosynthesis	Glucagon signaling pathway	0
FoxO signaling pathway	Glucagon signaling pathway	0
Necroptosis	Glucagon signaling pathway	0
Glycerolipid metabolism	Regulation of lipolysis in adipocytes	0
Arachidonic acid metabolism	Regulation of lipolysis in adipocytes	0
Apelin signaling pathway	Regulation of lipolysis in adipocytes	0
Steroid hormone biosynthesis	Aldosterone synthesis and secretion	0
Renin-angiotensin system	Aldosterone synthesis and secretion	0
Calcium signaling pathway	Relaxin signaling pathway	0
NF-kappa B signaling pathway	Relaxin signaling pathway	0
TGF-beta signaling pathway	Relaxin signaling pathway	0
VEGF signaling pathway	Relaxin signaling pathway	0
Steroid hormone biosynthesis	Cortisol synthesis and secretion	0
ErbB signaling pathway	Parathyroid hormone synthesis, secretion and action	0
Wnt signaling pathway	Parathyroid hormone synthesis, secretion and action	0
Osteoclast differentiation	Parathyroid hormone synthesis, secretion and action	0
Protein processing in endoplasmic reticulum	Type II diabetes mellitus	0
Apoptosis	Type II diabetes mellitus	0
Adipocytokine signaling pathway	Type II diabetes mellitus	0
Glycolysis  Gluconeogenesis	Insulin resistance	0
Fatty acid biosynthesis	Insulin resistance	0
Other types of O-glycan biosynthesis	Insulin resistance	0
Amino sugar and nucleotide sugar metabolism	Insulin resistance	0
mTOR signaling pathway	Insulin resistance	0
PPAR signaling pathway	Non-alcoholic fatty liver disease (NAFLD)	0
Calcium signaling pathway	AGE-RAGE signaling pathway in diabetic complications	0
Cell cycle	AGE-RAGE signaling pathway in diabetic complications	0
TGF-beta signaling pathway	AGE-RAGE signaling pathway in diabetic complications	0
Renin-angiotensin system	AGE-RAGE signaling pathway in diabetic complications	0
JAK-STAT signaling pathway	AGE-RAGE signaling pathway in diabetic complications	0
Citrate cycle (TCA cycle)	Cushing syndrome	0
Steroid hormone biosynthesis	Cushing syndrome	0
Cell cycle	Cushing syndrome	0
Aldosterone-regulated sodium reabsorption	Cushing syndrome	0
T cell receptor signaling pathway	Type I diabetes mellitus	0
Insulin signaling pathway	Maturity onset diabetes of the young	0
Steroid hormone biosynthesis	Aldosterone-regulated sodium reabsorption	0
Ubiquitin mediated proteolysis	Aldosterone-regulated sodium reabsorption	0
Tight junction	Aldosterone-regulated sodium reabsorption	0
Tight junction	Endocrine and other factor-regulated calcium reabsorption	0
Tight junction	Vasopressin-regulated water reabsorption	0
Glycolysis  Gluconeogenesis	Proximal tubule bicarbonate reclamation	0
Tight junction	Salivary secretion	0
Tight junction	Gastric acid secretion	0
Tight junction	Carbohydrate digestion and absorption	0
Taste transduction	Carbohydrate digestion and absorption	0
Gastric acid secretion	Protein digestion and absorption	0
Bile secretion	Fat digestion and absorption	0
Primary bile acid biosynthesis	Bile secretion	0
Endocytosis	Bile secretion	0
Pancreatic secretion	Vitamin digestion and absorption	0
Bile secretion	Vitamin digestion and absorption	0
Porphyrin and chlorophyll metabolism	Mineral absorption	0
Steroid biosynthesis	Cholesterol metabolism	0
Primary bile acid biosynthesis	Cholesterol metabolism	0
Protein processing in endoplasmic reticulum	Alzheimer disease	0
Wnt signaling pathway	Alzheimer disease	0
Tyrosine metabolism	Parkinson disease	0
Protein processing in endoplasmic reticulum	Parkinson disease	0
Apoptosis	Parkinson disease	0
p53 signaling pathway	Amyotrophic lateral sclerosis (ALS)	0
Basal transcription factors	Huntington disease	0
Calcium signaling pathway	Huntington disease	0
p53 signaling pathway	Huntington disease	0
Apoptosis	Huntington disease	0
Glutamatergic synapse	Huntington disease	0
Protein processing in endoplasmic reticulum	Prion diseases	0
Endocytosis	Prion diseases	0
Notch signaling pathway	Prion diseases	0
Parkinson disease	Prion diseases	0
Dopaminergic synapse	Nicotine addiction	0
Cell cycle	Bacterial invasion of epithelial cells	0
ECM-receptor interaction	Bacterial invasion of epithelial cells	0
Apoptosis	Epithelial cell signaling in Helicobacter pylori infection	0
Adherens junction	Pathogenic Escherichia coli infection	0
Toll-like receptor signaling pathway	Pathogenic Escherichia coli infection	0
MAPK signaling pathway	Shigellosis	0
Cell cycle	Shigellosis	0
Autophagy - animal	Shigellosis	0
Focal adhesion	Shigellosis	0
JAK-STAT signaling pathway	Salmonella infection	0
Apoptosis	Pertussis	0
Complement and coagulation cascades	Legionellosis	0
Arachidonic acid metabolism	Leishmaniasis	0
Calcium signaling pathway	Leishmaniasis	0
Ubiquitin mediated proteolysis	Leishmaniasis	0
Complement and coagulation cascades	Leishmaniasis	0
JAK-STAT signaling pathway	Leishmaniasis	0
Fc gamma R-mediated phagocytosis	Leishmaniasis	0
Arginine and proline metabolism	Chagas disease (American trypanosomiasis)	0
Calcium signaling pathway	Chagas disease (American trypanosomiasis)	0
Phosphatidylinositol signaling system	Chagas disease (American trypanosomiasis)	0
Complement and coagulation cascades	Chagas disease (American trypanosomiasis)	0
Tryptophan metabolism	African trypanosomiasis	0
Apoptosis	African trypanosomiasis	0
Complement and coagulation cascades	African trypanosomiasis	0
Apoptosis	Malaria	0
Complement and coagulation cascades	Malaria	0
Arachidonic acid metabolism	Toxoplasmosis	0
Endocytosis	Toxoplasmosis	0
JAK-STAT signaling pathway	Toxoplasmosis	0
Arginine and proline metabolism	Amoebiasis	0
Endocytosis	Amoebiasis	0
Apoptosis	Amoebiasis	0
Complement and coagulation cascades	Amoebiasis	0
Antigen processing and presentation	Amoebiasis	0
Intestinal immune network for IgA production	Amoebiasis	0
Regulation of actin cytoskeleton	Amoebiasis	0
T cell receptor signaling pathway	Staphylococcus aureus infection	0
B cell receptor signaling pathway	Staphylococcus aureus infection	0
PPAR signaling pathway	Hepatitis C	0
MAPK signaling pathway	Hepatitis C	0
Endocytosis	Hepatitis C	0
Cell cycle	Hepatitis B	0
p53 signaling pathway	Hepatitis B	0
Cell cycle	Measles	0
p53 signaling pathway	Measles	0
Ubiquitin mediated proteolysis	Measles	0
B cell receptor signaling pathway	Measles	0
Arachidonic acid metabolism	Human cytomegalovirus infection	0
Cell cycle	Human cytomegalovirus infection	0
Antigen processing and presentation	Human cytomegalovirus infection	0
JAK-STAT signaling pathway	Human cytomegalovirus infection	0
Terpenoid backbone biosynthesis	Influenza A	0
Endocytosis	Influenza A	0
NF-kappa B signaling pathway	Human papillomavirus infection	0
Cell cycle	Human papillomavirus infection	0
p53 signaling pathway	Human papillomavirus infection	0
Apoptosis	Human papillomavirus infection	0
Adherens junction	Human papillomavirus infection	0
Antigen processing and presentation	Human papillomavirus infection	0
JAK-STAT signaling pathway	Human papillomavirus infection	0
RNA transport	Human T-cell leukemia virus 1 infection	0
TGF-beta signaling pathway	Human T-cell leukemia virus 1 infection	0
NF-kappa B signaling pathway	Kaposi sarcoma-associated herpesvirus infection	0
Cell cycle	Kaposi sarcoma-associated herpesvirus infection	0
p53 signaling pathway	Kaposi sarcoma-associated herpesvirus infection	0
Endocytosis	Kaposi sarcoma-associated herpesvirus infection	0
Wnt signaling pathway	Kaposi sarcoma-associated herpesvirus infection	0
Complement and coagulation cascades	Kaposi sarcoma-associated herpesvirus infection	0
Ubiquitin mediated proteolysis	Herpes simplex virus 1 infection	0
Complement and coagulation cascades	Herpes simplex virus 1 infection	0
Calcium signaling pathway	Epstein-Barr virus infection	0
Cell cycle	Human immunodeficiency virus 1 infection	0
mTOR signaling pathway	Human immunodeficiency virus 1 infection	0
Antigen processing and presentation	Human immunodeficiency virus 1 infection	0
PPAR signaling pathway	Pathways in cancer	0
ECM-receptor interaction	Pathways in cancer	0
Renal cell carcinoma	Transcriptional misregulation in cancer	0
MAPK signaling pathway	Viral carcinogenesis	0
NF-kappa B signaling pathway	Viral carcinogenesis	0
Lysosome	Viral carcinogenesis	0
PI3K-Akt signaling pathway	Viral carcinogenesis	0
JAK-STAT signaling pathway	Viral carcinogenesis	0
B cell receptor signaling pathway	Viral carcinogenesis	0
Regulation of actin cytoskeleton	Viral carcinogenesis	0
Prostate cancer	Chemical carcinogenesis	0
Calcium signaling pathway	Proteoglycans in cancer	0
Hedgehog signaling pathway	Proteoglycans in cancer	0
TGF-beta signaling pathway	Proteoglycans in cancer	0
Adherens junction	Proteoglycans in cancer	0
Cell cycle	Colorectal cancer	0
p53 signaling pathway	Colorectal cancer	0
Citrate cycle (TCA cycle)	Renal cell carcinoma	0
HIF-1 signaling pathway	Renal cell carcinoma	0
Ubiquitin mediated proteolysis	Renal cell carcinoma	0
Cell cycle	Endometrial cancer	0
p53 signaling pathway	Endometrial cancer	0
Wnt signaling pathway	Endometrial cancer	0
Steroid hormone biosynthesis	Prostate cancer	0
MAPK signaling pathway	Prostate cancer	0
Cytokine-cytokine receptor interaction	Prostate cancer	0
Cell cycle	Prostate cancer	0
p53 signaling pathway	Prostate cancer	0
PPAR signaling pathway	Thyroid cancer	0
p53 signaling pathway	Thyroid cancer	0
Wnt signaling pathway	Thyroid cancer	0
Adherens junction	Thyroid cancer	0
Cell cycle	Basal cell carcinoma	0
p53 signaling pathway	Basal cell carcinoma	0
Hedgehog signaling pathway	Basal cell carcinoma	0
TGF-beta signaling pathway	Basal cell carcinoma	0
Cell cycle	Melanoma	0
p53 signaling pathway	Melanoma	0
Adherens junction	Melanoma	0
Melanogenesis	Melanoma	0
Cell cycle	Bladder cancer	0
p53 signaling pathway	Bladder cancer	0
VEGF signaling pathway	Bladder cancer	0
Adherens junction	Bladder cancer	0
Cell cycle	Chronic myeloid leukemia	0
p53 signaling pathway	Chronic myeloid leukemia	0
TGF-beta signaling pathway	Chronic myeloid leukemia	0
Cell cycle	Acute myeloid leukemia	0
JAK-STAT signaling pathway	Acute myeloid leukemia	0
Cell cycle	Small cell lung cancer	0
ECM-receptor interaction	Small cell lung cancer	0
Chemical carcinogenesis	Small cell lung cancer	0
Cell cycle	Breast cancer	0
p53 signaling pathway	Breast cancer	0
Notch signaling pathway	Breast cancer	0
Calcium signaling pathway	Hepatocellular carcinoma	0
Cell cycle	Hepatocellular carcinoma	0
p53 signaling pathway	Hepatocellular carcinoma	0
TGF-beta signaling pathway	Hepatocellular carcinoma	0
Non-alcoholic fatty liver disease (NAFLD)	Hepatocellular carcinoma	0
Cell cycle	Gastric cancer	0
p53 signaling pathway	Gastric cancer	0
TGF-beta signaling pathway	Gastric cancer	0
Adherens junction	Gastric cancer	0
Epithelial cell signaling in Helicobacter pylori infection	Gastric cancer	0
Citrate cycle (TCA cycle)	Central carbon metabolism in cancer	0
Pentose phosphate pathway	Central carbon metabolism in cancer	0
Alanine, aspartate and glutamate metabolism	Central carbon metabolism in cancer	0
Glycine, serine and threonine metabolism	Central carbon metabolism in cancer	0
D-Glutamine and D-glutamate metabolism	Central carbon metabolism in cancer	0
MAPK signaling pathway	Central carbon metabolism in cancer	0
Insulin resistance	Central carbon metabolism in cancer	0
JAK-STAT signaling pathway	Asthma	0
T cell receptor signaling pathway	Asthma	0
B cell receptor signaling pathway	Asthma	0
Apoptosis	Autoimmune thyroid disease	0
T cell receptor signaling pathway	Autoimmune thyroid disease	0
B cell receptor signaling pathway	Autoimmune thyroid disease	0
Thyroid hormone synthesis	Autoimmune thyroid disease	0
Toll-like receptor signaling pathway	Inflammatory bowel disease (IBD)	0
NOD-like receptor signaling pathway	Inflammatory bowel disease (IBD)	0
T cell receptor signaling pathway	Inflammatory bowel disease (IBD)	0
Cytokine-cytokine receptor interaction	Systemic lupus erythematosus	0
JAK-STAT signaling pathway	Systemic lupus erythematosus	0
T cell receptor signaling pathway	Systemic lupus erythematosus	0
B cell receptor signaling pathway	Systemic lupus erythematosus	0
Leukocyte transendothelial migration	Systemic lupus erythematosus	0
VEGF signaling pathway	Rheumatoid arthritis	0
T cell receptor signaling pathway	Rheumatoid arthritis	0
Leukocyte transendothelial migration	Rheumatoid arthritis	0
Apoptosis	Allograft rejection	0
T cell receptor signaling pathway	Allograft rejection	0
B cell receptor signaling pathway	Allograft rejection	0
Cytokine-cytokine receptor interaction	Graft-versus-host disease	0
Apoptosis	Graft-versus-host disease	0
Toll-like receptor signaling pathway	Graft-versus-host disease	0
T cell receptor signaling pathway	Graft-versus-host disease	0
B cell receptor signaling pathway	Primary immunodeficiency	0
TGF-beta signaling pathway	Hypertrophic cardiomyopathy (HCM)	0
Renin-angiotensin system	Hypertrophic cardiomyopathy (HCM)	0
JAK-STAT signaling pathway	Hypertrophic cardiomyopathy (HCM)	0
Wnt signaling pathway	Arrhythmogenic right ventricular cardiomyopathy (ARVC)	0
Gap junction	Arrhythmogenic right ventricular cardiomyopathy (ARVC)	0
TGF-beta signaling pathway	Dilated cardiomyopathy (DCM)	0
Viral myocarditis	Dilated cardiomyopathy (DCM)	0
Cell cycle	Viral myocarditis	0
Apoptosis	Viral myocarditis	0
Cardiac muscle contraction	Viral myocarditis	0
ECM-receptor interaction	Viral myocarditis	0
T cell receptor signaling pathway	Viral myocarditis	0
Vascular smooth muscle contraction	Fluid shear stress and atherosclerosis	0
Cell adhesion molecules (CAMs)	Fluid shear stress and atherosclerosis	0
